{"cameraMode":{"drawMode":0,"name":"Shaded","section":"Shading Mode"},"sceneLighting":true,"audioPlay":false,"sceneViewState":{"showFog":true,"showMaterialUpdate":false,"showSkybox":true,"showFlares":true,"showImageEffects":true,"showParticleSystems":true},"in2DMode":false,"pivot":{"x":0.29334449768066409,"y":-0.16504430770874024,"z":4.8546671867370609},"rotation":{"x":-0.18709900975227357,"y":0.7219130396842957,"z":-0.2141004204750061,"w":-0.6308711767196655},"size":17.601097106933595,"orthographic":false}