{"cameraMode":{"drawMode":0,"name":"Shaded","section":"Shading Mode"},"sceneLighting":false,"audioPlay":false,"sceneViewState":{"showFog":true,"showMaterialUpdate":false,"showSkybox":false,"showFlares":true,"showImageEffects":true,"showParticleSystems":true},"in2DMode":false,"pivot":{"x":0.006792426109313965,"y":0.15295937657356263,"z":0.1209944412112236},"rotation":{"x":0.08545372635126114,"y":-0.26682761311531069,"z":0.023757565766572954,"w":0.959677517414093},"size":1.0601452589035035,"orthographic":false}