{"cameraMode":{"drawMode":0,"name":"Shaded","section":"Shading Mode"},"sceneLighting":false,"audioPlay":false,"sceneViewState":{"showFog":true,"showMaterialUpdate":false,"showSkybox":false,"showFlares":true,"showImageEffects":true,"showParticleSystems":true},"in2DMode":false,"pivot":{"x":-0.000030517578125,"y":-0.0000152587890625,"z":0.5040000081062317},"rotation":{"x":-0.29893001914024355,"y":0.28121551871299746,"z":-0.0926719680428505,"w":-0.9071870446205139},"size":203.643310546875,"orthographic":false}