{"cameraMode":{"drawMode":0,"name":"Shaded","section":"Shading Mode"},"sceneLighting":false,"audioPlay":false,"sceneViewState":{"showFog":true,"showMaterialUpdate":false,"showSkybox":false,"showFlares":true,"showImageEffects":true,"showParticleSystems":true},"in2DMode":false,"pivot":{"x":165.4864959716797,"y":107.74610900878906,"z":0.2239999920129776},"rotation":{"x":-0.33333927392959597,"y":0.23329319059848786,"z":-0.08550284802913666,"w":-0.9094853401184082},"size":653.0485229492188,"orthographic":false}