{"cameraMode":{"drawMode":0,"name":"Shaded","section":"Shading Mode"},"sceneLighting":false,"audioPlay":false,"sceneViewState":{"showFog":true,"showMaterialUpdate":false,"showSkybox":false,"showFlares":true,"showImageEffects":true,"showParticleSystems":true},"in2DMode":false,"pivot":{"x":341.969970703125,"y":287.9700012207031,"z":0.07800000160932541},"rotation":{"x":0.14349034428596497,"y":-0.013066835701465607,"z":0.001894580665975809,"w":0.9895651340484619},"size":1475.6048583984375,"orthographic":false}