{"cameraMode":{"drawMode":0,"name":"Shaded","section":"Shading Mode"},"sceneLighting":true,"audioPlay":false,"sceneViewState":{"showFog":true,"showMaterialUpdate":false,"showSkybox":true,"showFlares":true,"showImageEffects":true,"showParticleSystems":true},"in2DMode":false,"pivot":{"x":66.04899597167969,"y":-16.801071166992189,"z":110.19999694824219},"rotation":{"x":-0.24173511564731599,"y":0.12677599489688874,"z":-0.031874001026153567,"w":-0.9614984393119812},"size":88.55177307128906,"orthographic":false}