{"cameraMode":{"drawMode":0,"name":"Shaded","section":"Shading Mode"},"sceneLighting":false,"audioPlay":false,"sceneViewState":{"showFog":true,"showMaterialUpdate":false,"showSkybox":false,"showFlares":true,"showImageEffects":true,"showParticleSystems":true},"in2DMode":false,"pivot":{"x":0.0027009248733520509,"y":-0.9420004487037659,"z":7.707758903503418},"rotation":{"x":-0.17603634297847749,"y":-0.1406373530626297,"z":0.025411324575543405,"w":-0.9739644527435303},"size":10.746133804321289,"orthographic":false}