{"cameraMode":{"drawMode":0,"name":"Shaded","section":"Shading Mode"},"sceneLighting":true,"audioPlay":false,"sceneViewState":{"showFog":true,"showMaterialUpdate":false,"showSkybox":true,"showFlares":true,"showImageEffects":true,"showParticleSystems":true},"in2DMode":false,"pivot":{"x":-0.3043099641799927,"y":-0.16276293992996217,"z":0.4381498098373413},"rotation":{"x":0.0842529907822609,"y":0.1624700129032135,"z":-0.013925106264650822,"w":0.9830151200294495},"size":0.04174593836069107,"orthographic":false}