{"cameraMode":{"drawMode":0,"name":"Shaded","section":"Shading Mode"},"sceneLighting":false,"audioPlay":false,"sceneViewState":{"showFog":true,"showMaterialUpdate":false,"showSkybox":false,"showFlares":true,"showImageEffects":true,"showParticleSystems":true},"in2DMode":false,"pivot":{"x":-15.364551544189454,"y":25.035377502441408,"z":18.871482849121095},"rotation":{"x":0.13165968656539918,"y":0.7707358598709106,"z":-0.16911746561527253,"w":0.6000268459320068},"size":30.117624282836915,"orthographic":false}